"FACILITY_ID","FACILITY_NAME","FACILITY_TYPE","DISTRICT","REGION","SITE_ID"
129,"Father Thomas Alan Rooney Memorial HSP","Hospital","Wassa Amenfi West","Western",2040
664,"Aboaboso D/A Pri Sch","Other","Bodi","Western North",4136
658,"Datano D/A Primary","Other","Bodi","Western North",1742
460,"Dadieso D/A Primary Sch ","Other","Suaman","Western North",4329
622,"Boinzan RC KG Primary Sch","Other","Juaboso","Western North",1573
581,"Agyemandiem R/C SCH","Hospital","Juaboso","Western North",4005
671,"Puakrom D/A Primary SCH","Hospital","Bodi","Western North",4140
167,"Methodist Medical Centre (Kwawu)","Other","Aowin","Western North",3996
119,"Ankaasie CHPS","CHPS","Wassa Amenfi Central","Western",1190
234,"Abonsuaso CHPS","CHPS","Ahafo Ano North","Ashanti",4366
73,"Kantankrubo CHPS","CHPS","Juaboso","Western North",2099
181,"Nkwantanum CHPS","CHPS","Wassa Amenfi West","Western",4389
584,"Adiembra D/A KG/Primary Sch","Other","Juaboso","Western North",2140
311,"Dormaa Presby HSP","Hospital","Asunafo North","Ahafo",
30,"Ahwiaa CHPS","CHPS","Sefwi Wiawso","Western North",1269
613,"Ampontenkrom CHPS","CHPS","Wassa Amenfi Central","Western North",2063
314,"Asarekrom Rural CL","Health Center","Asunafo South","Ahafo",1307
280,"Nana Gyamfi Amoonu MAT","Other","Wassa Amenfi West","Western",2577
652,"Amoaya D/A Primary Sch","Other","Bodi","Western North",1144
522,"Agona Amenfi D/A Sch","Other","Wassa Amenfi Central","Western ",998
87,"Achimfo Adjeikrom CHPS","CHPS","Aowin","Western North",4234
208,"Tanokrom (Wassa Amenfi West) CHPS","CHPS","Wassa Amenfi West","Western",4391
600,"Debe Oseikrom Pri. Sch","Other","Juaboso","Western North",1611
467,"Suiano DA Basic Sch","Other","Suaman","Western North",4327
128,"Disue-Ano CHPS","CHPS","Aowin","Western North",3977
51,"Surano B CHPS","CHPS","Bibiani Anhwiaso Bekwai","Western North",3928
628,"Nsinsem Anglican KG/Primary Sch","Other","Juaboso","Western North",4153
446,"Karlo DA Primary  Sch","Other","Suaman","Western North",4327
726,"Attakrom CHPS(S. Akontombra)","CHPS",,"Western North",
414,"Akaaso CHPS","CHPS","Bibiani Anhwiaso Bekwai","Western North",1039
278,"Bena-Nkwanta CHPS","CHPS","Wassa Amenfi West","Western",4112
657,"Kwasikrom R/C Prim","Other","Bodi","Western North",2294
479,"Buabin CHPS","CHPS","Upper Denkyira East","Central",12332
585,"Benchema Anglican KG/Primary Sch","Other","Juaboso","Western North",4151
255,"Abuom HC","Health Center","Asunafo South","Ahafo",915
331,"Mumuni Camp CHPS","CHPS","Wassa Amenfi West","Western",4110
171,"Oda-Kotoamso CHPS","CHPS","Wassa Amenfi West","Western",2700
458,"Badu Nyame Bekyere DA Basic Sch","Other","Suaman","Western North",4332
283,"Nkaseim HC","Health Center","Asutifi South","Ahafo",4321
565,"Mile 18 HC","Health Center","Amansie Central","Ashanti",2414
590,"Sayerano D/A  KG/Primary SCH","Hospital","Juaboso","Western North",4153
48,"Sefwi Bekwai HC","Health Center","Bibiani Anhwiaso Bekwai","Western North",2954
18,"SDA (Kwasiadukrom) CL","Health Center","Bodi","Western North",2293
333,"Dwirigum CHPS","CHPS","Wassa Amenfi Central","Western",1823
640,"Mafia RC KG/Primary Sch","Other","Juaboso","Western North",2335
668,"Benumsuo D/A Pri Sch","Other","Bodi","Western North",4135
419,"Nkronua (U. D. West) CHPS","CHPS","Upper Denkyira West","Central",4302
322,"Nkrankrom CHPS","CHPS","Asutifi South","Ahafo",4323
270,"Wantram CHPS","CHPS","Wassa Amenfi East","Western",3191
528,"Ata-Ne-Ata D/A Sch","Other","Wassa Amenfi Central","Western",941
356,"Odaho CHPS","CHPS","Amansie South","Ashanti",2699
160,"Nkwanta CHPS (Aowin)","CHPS","Aowin","Western North",3981
215,"Old Adiembra CHPS","CHPS","Sefwi Wiawso","Western North",3925
214,"Akyerekyerekrom CHPS","CHPS","Amansie South","Ashanti",4412
582,"Asempanaye Anglican KG/Primary","Other","Juaboso","Western North",1521
301,"Kwapong HC","Health Center","Asunafo South","Ahafo",2292
105,"Banaso CHPS","CHPS","Aowin","Western North",3998
319,"New Papaase CHPS","CHPS","Bia West","Western North",4342
45,"Tanokrom (Sefwi Akontombra) CHPS","CHPS","Sefwi Akontombra","Western North",3087
694,"Cecilia Maternity Home","Other","Upper Denkyira East","Central",
539,"Sraha/Ayiem D/A sch","Other","Wassa Amenfi Central","Western",4130
249,"Naketey CHPS","CHPS","Asunafo South","Ahafo",2475
228,"Nkyensenkokoo CHPS","CHPS","Juaboso","Western North",4152
673,"Dokukrom D/A Primary SCH","Hospital","Bodi","Western North",4134
574,"Samfifire D/A Sch","Other","Wassa Amenfi Central","Western",1608
502,"Eluibo CHPS","CHPS","Juaboso","Western North",13574
343,"Adabokrom HC","Health Center","Bia East","Western North",12490
203,"Kwabena-Nartey CHPS","CHPS","Suaman","Western North",4332
31,"Aprutu CHPS","CHPS","Sefwi Akontombra","Western North",1261
684,"Domeabra Camp D/A KG/PRIMARY","Other","Wassa Amenfi Central","",
591,"Benchema ""B"" Prim. Sch","Other","Juaboso","Western North",4151
716,"St Joseph (bia) Maternity Home","Other","Bia West","Western North",
224,"New Sawereso CHPS","CHPS","Asunafo South","Ahafo",2527
348,"Mim HC","Health Center","Asunafo North","Ahafo",4358
155,"Adansi CHPS","CHPS","Wassa Amenfi East","Western",929
420,"Ntom CHPS","CHPS","Upper Denkyira West","Central",2637
596,"Afofiekrom DA KG/Primary Sch","Other","Juaboso","Western North",4005
274,"Ohiamatuo Presby CL","Health Center","Wassa Amenfi West","Western",2787
579,"Kofikrom D/A KG & Primary","Other","Juaboso","Western North",2140
606,"Kantankrubo Anglican KG/ Primary SCH","Hospital","Juaboso","Western North",2099
53,"Adupri CHPS","CHPS","Bibiani Anhwiaso Bekwai","Western North",963
378,"Nananko CHPS","CHPS","Wassa Amenfi East","Western",4352
576,"Nkatieso D/A KG/Primary A","Other","Juaboso","Western North",4151
151,"Abrokyire Krobo CHPS","CHPS","Wassa Amenfi East","Western",907
548,"Amoanda D/A","Other","Wassa Amenfi Central","Western",1608
415,"Apenemadi CHPS","CHPS","Asutifi South","Ahafo",4322
592,"Juaboso Nkwanta D/A Sch","Other","Juaboso","Western North",2061
55,"Akaasu CHPS","CHPS","Bibiani Anhwiaso Bekwai","Western North",3930
406,"Nyamebekyere (W. A. East) CHPS","CHPS","Wassa Amenfi East","Western",5477
432,"Aboagyekrom CHPS","CHPS","Sefwi Wiawso","Western North",12293
400,"Gyasikrom CHPS","CHPS","Asunafo North","Ahafo",4365
247,"Awuahkrom CHPS","CHPS","Aowin","Western North",4102
230,"Kwasuo Bantama CHPS","CHPS","Suaman","Western North",4334
133,"Asankransaa HC","Health Center","Wassa Amenfi West","Western",1301
444,"Sunkwa DA Basic Sch","Other","Suaman","Western North",4334
19,"Ahibenso HC","Health Center","Bodi","Western North",1025
381,"Wassa Akropong Govt HSP","Hospital","Wassa Amenfi East","Western",3192
408,"Mile 14 HC","Health Center","Amansie Central","Ashanti",2414
183,"Moseaso (W.A.West) CHPS","CHPS","Wassa Amenfi West","Western",4414
619,"Fantraline DA Basic Sch","Other","Juaboso","Western North",4145
429,"Nyinawusu CHPS","CHPS","Upper Denkyira West","Central",4295
235,"Ayomso HC","Health Center","Asunafo North","Ahafo",1446
683,"VICTOKROM D/A KG/PRIMARY","Other","Wassa Amenfi Central","Western North",1275
265,"Wansampo CHPS","CHPS","Sefwi Akontombra","Western North",3190
313,"Sankore HC","Health Center","Asunafo South","Ahafo",2945
732,"Asoredanho (Bia East) CHPS","CHPS","Bia East","Western North",
57,"Bibiani RCH CHPS","CHPS","Bibiani Anhwiaso Bekwai","Western North",1532
370,"Bawdie HC","Health Center","Wassa Amenfi East","Western",1485
685,"Wassa Amenfi East DHD","Other","Wassa Amenfi East","Western",
38,"Nkwadum CHPS","CHPS","Sefwi Akontombra","Western North",2574
529,"Jedua Kesse Methodist","Other","Wassa Amenfi Central","Western North",2045
524,"Wassa Dominase D/A JHS","Other","Wassa Amenfi Central","Western",4128
184,"Akoti-Etwebo CHPS","CHPS","Sefwi Wiawso","Western North",1066
23,"Bechiwa CHPS","CHPS","Sefwi Wiawso","Western North",1494
476,"Ayigbe Town D/A Primary School","Other","Suaman","Western North",4333
47,"Asempanaye (Bibiani) CHPS","CHPS","Bibiani Anhwiaso Bekwai","Western North",4124
523,"Agona Camp D/A","Other","Wassa Amenfi Central","Western",4126
495,"Great Redeemer HSP","Hospital","Upper Denkyira East","Central",12337
28,"Bosomoiso CHPS","CHPS","Sefwi Wiawso","Western North",1628
430,"Ampabena Betenase CHPS","CHPS","Upper Denkyira West","Central",4298
608,"Kwasi Addaekrom DA KG/Primary Sch","Other","Juaboso","Western North",13573
641,"Nana Ampadu DA K/G Primary Sch","Other","Juaboso","Western North",1220
387,"Samartex HSP","Hospital","Wassa Amenfi West","Western",2964
5,"Asawinso HSP","Hospital","Sefwi Wiawso","Western North",1309
194,"Tigarikrom CHPS","CHPS","Wassa Amenfi West","Western",3131
117,"Juabo CHPS","CHPS","Wassa Amenfi Central","Western",2063
165,"Jedua-Kesse CHPS","CHPS","Wassa Amenfi Central","Western",2045
334,"Chichiso No.1 CHPS","CHPS","Wassa Amenfi Central","Western",1682
686,"ADJAKAA MANSO R/C JHS","Other","Wassa Amenfi Central","Western North",
486,"Denyase CHPS","CHPS","Upper Denkyira East","Central",12340
537,"Chiraa Nkwanta English & Arabic Basic","Other","Wassa Amenfi Central","Western",2045
288,"DAKS Medical center","Other","Bibiani Anhwiaso Bekwai","Western North",1532
428,"St Andrews Anglican CL","Health Center","Upper Denkyira West","Central",4304
210,"Odakrofofrom CHPS","CHPS","Wassa Amenfi West","Western",4385
715,"St John Of God (bia) Annex Clinic","Health Center","Bia West","Western North",
132,"Attobrakrom CHPS","CHPS","Wassa Amenfi West","Western",1613
227,"Tweneboah CHPS","CHPS","Asunafo North","Ahafo",4364
735,"Bibiani DHD","Other",,"Western North",
665,"Odumtankwa D/A Prim Sch","Other","Bodi","Western North",5646
298,"Siana CHPS","CHPS","Asunafo South","Ahafo",3005
42,"Edewakrom CHPS","CHPS","Sefwi Akontombra","Western North",1832
723,"Anomatewa CHPS","CHPS","Wassa Amenfi Central","Western",
550,"Nkofinkofi D/A Sch","Other","Wassa Amenfi Central","Western",2992
461,"Bediabe DA Primary","Other","Suaman","Western North",4329
340,"Sebebia CHPS","CHPS","Bia East","Western North",4349
358,"Life Savers HSP","Hospital","Asunafo North","Ahafo",4357
46,"Surano A CHPS","CHPS","Bibiani Anhwiaso Bekwai","Western North",3068
345,"Mehame CHPS","CHPS","Asutifi South","Ahafo",4318
192,"Abore HC","Health Center","Amansie West","Ashanti",892
62,"Sefwi Ashiam CHPS","CHPS","Bibiani Anhwiaso Bekwai","Western North",2953
328,"Dompuase CHPS","CHPS","Wassa Amenfi East","Western",4310
237,"Offinho Asamang CHPS","CHPS","Amansie South","Ashanti",2715
15,"Anglican (Boinzan) CL","Health Center","Juaboso","Western North",1572
409,"Tweapease HC","Health Center","Amansie Central","Ashanti",3162
488,"Kramokrom ( U. D. East) CHPS","CHPS","Upper Denkyira East","Central",12342
362,"Asundua CHPS","CHPS","Wassa Amenfi East","Western",1368
153,"Ajumako CHPS","CHPS","Wassa Amenfi East","Western",4309
336,"Keniago CHPS","CHPS","Amansie South","Ashanti",2250
290,"Kwabenakrom CHPS","CHPS","Suaman","Western North",4326
172,"Asemkrom CHPS","CHPS","Aowin","Western North",5471
41,"Asantekrom (Sefwi Akontombra) CHPS","CHPS","Sefwi Akontombra","Western North",1305
93,"Yonkofa HC","Health Center","Aowin","Western North",3987
727,"St.Mark HSP(Upper Denkyira East)","Hospital","Upper Denkyira East","Central Region",
620,"Kojomintakrom DA KG/Primary Sch","Other","Juaboso","Western North",4149
733,"Cashierkrom CHPS","CHPS",,"Western North",
570,"Antobia 'B' D/A Sch","Other","Juaboso","Western North",4144
266,"Asunafo South District HSP (Kukuom)","Hospital","Asunafo South","Ahafo",3999
97,"Sewum HC","Health Center","Aowin","Western North",2976
67,"Kama CHPS","CHPS","Bodi","Western North",4137
178,"Nsuonsua CHPS","CHPS","Sefwi Wiawso","Western North",2623
161,"Kwaman CHPS","CHPS","Wassa Amenfi Central","Western",2276
115,"Kwasikrom HC","Health Center","Bodi","Western North",2294
205,"Sefwi Boako CHPS","CHPS","Sefwi Wiawso","Western North",1558
509,"Kwasare CHPS","CHPS","Bia East","Western North",12491
231,"Paboase HC","Health Center","Sefwi Wiawso","Western North",2805
639,"Mafia DA KG/Primary Sch","Other","Juaboso","Western North",2335
473,"Torya D/A JHS","Other","Suaman","Western North",4333
489,"Adwumaim CHPS","CHPS","Upper Denkyira East","Central",12343
150,"Wassa Mampong HC","Health Center","Wassa Amenfi East","Western",2340
243,"Essam Government HSP","Hospital","Bia West","Western North",5475
648,"Suiano K D/A Primary Sch","Other","Bodi","Western North",3056
598,"Abono DA KG/Primary Sch","Other","Juaboso","Western North",2140
710,"Lizzy's (bia) Maternity Home","Other","Bia West","Western North",
499,"Asuoklo CHPS","CHPS","Aowin","Western North",3982
321,"Kwametawiahkrom CHPS","CHPS","Bia West","Western North",4337
59,"Dominibo CHPS","CHPS","Bibiani Anhwiaso Bekwai","Western North",1788
7,"Enchi Government HSP","Hospital","Aowin","Western North",2009
404,"Abiram CHPS","CHPS","Amansie South","Ashanti",865
139,"Affiena CHPS","CHPS","Wassa Amenfi West","Western",4386
268,"Wassa Dikoto CHPS","CHPS","Wassa Amenfi East","Western",4370
463,"Aprukusu DA Basic Sch","Other","Suaman","Western North",4329
731,"Yerepemso CHPS","CHPS","Bia West","Western North",
308,"Akontombra DHD","Other","Sefwi Akontombra","Western North",1057
450,"St. Michael Catholic Sch","Other","Suaman","Western North",4329
174,"Woman No Good CHPS","CHPS","Wassa Amenfi West","Western",3227
492,"Atobiase CHPS","CHPS","Upper Denkyira East","Central",12346
530,"Dominase DA","Other","Wassa Amenfi Central","Western North",4128
390,"Abosi CHPS","CHPS","Bia West","Western North",4336
659,"Ntesano D/A Basic","Other","Bodi","Western North",4138
558,"Gravel Yard CHPS","CHPS","Wassa Amenfi West","Western",9365
366,"Djorboah CHPS","CHPS","Wassa Amenfi East","Western",1773
670,"Test Creation Hospital","Hospital","Sefwi Wiawso","Western North",1140
551,"Ama Dansowaa MAT","Other","Suaman","Western North",4331
642,"Oseikrom J DA/KG Primary Sch","Other","Juaboso","Western North",4148
377,"Nkonya HC (Wassa Amenfi East)","Health Center","Wassa Amenfi East","Western",4354
330,"Manso Amenfi HC","Health Center","Wassa Amenfi Central","Western",2367
302,"Bia West DHD","Other","Bia West","Western North",4337
196,"Odumase CHPS","CHPS","Wassa Amenfi West","Western",4384
71,"Gyampokrom CHPS","CHPS","Juaboso","Western North",4146
729,"Yawmatwa CHPS","CHPS","Bia West","Western North",
521,"Adjakaa Manso R/C Sch","Other","Wassa Amenfi Central","Western",941
496,"Asikuma(Upper Denkyira East) CHPS","CHPS","Upper Denkyira East","Central",4290
666,"Odumtankwa D/A Primary","Other","Bodi","Western North",5646
484,"St. Mark HSP (Wassa Amenfi East)","Hospital","Wassa Amenfi East","Western",
248,"GBC HSP","Hospital","Bibiani Anhwiaso Bekwai","Western North",4124
267,"Bibianiha (Upper Denkyira East) CHPS","CHPS","Upper Denkyira East","Central",4288
513,"Antobam CHPS","CHPS","Wassa Amenfi Central","Western",12290
719,"Modaso HC","Health Center","Upper Denkyira West","Central",
457,"Dadieso S.D.A Basic Sch 'A'","Other","Suaman","Western North",4330
583,"Sayerano Anglican K/G Primary ","Other","Juaboso","Western North",4153
588,"Eteso R/C KG/Primary Sch","Other","Juaboso","Western North",1878
100,"Anwiafutu CHPS","CHPS","Aowin","Western North",4156
416,"Amoaman CHPS","CHPS","Upper Denkyira West","Central",4303
425,"Diaso HC","Health Center","Upper Denkyira West","Central",1766
709,"Kojoaba CHPS","CHPS","Bia West","Western North",
17,"SDA (Kofikrom) HSP","Hospital","Juaboso","Western North",2140
654,"Besease D/A Primary Sch","Other","Bodi","Western North",2294
325,"Domeabra CHPS(Wassa Amenfi East)","CHPS","Wassa Amenfi East","Western",4307
455,"Dadieso Presby Basic Sch","Other","Suaman","Western North",4330
519,"Adjakaa Manso D/A Sch","Other","Wassa Amenfi Central","Western",941
649,"Manhyia D/A Basic Sch","Other","Bodi","Western North",4139
190,"Penakrom Nyamebekyere CHPS","CHPS","Sefwi Wiawso","Western North",3935
572,"Bonsie Islamic Sch","Other","Wassa Amenfi Central","Western ",1608
644,"Kojobikrom Primary Sch","Other","Bodi","Western North",1025
407,"Fenaso HC","Health Center","Amansie Central","Ashanti",1893
466,"Fanoma DA Basic Sch","Other","Suaman","Western North",4329
532,"Agona Camp Islamic","Other","Wassa Amenfi Central","Western North",4126
464,"Gyekete DA Primary","Other","Suaman","Western North",4333
182,"Juantoa CHPS","CHPS","Wassa Amenfi West","Western",4387
251,"Kwakudua CHPS","CHPS","Asunafo North","Ahafo",4104
58,"Atronsu CHPS","CHPS","Bibiani Anhwiaso Bekwai","Western North",1401
281,"Ankwawso CHPS","CHPS","Wassa Amenfi Central","Western",4127
131,"Asankran-Breman HC","Health Center","Wassa Amenfi West","Western",1502
655,"Patakro D/A Primary Sch","Other","Bodi","Western North",4139
469,"Taylorkrom D/A Basic School","Other","Suaman","Western North",4333
631,"Aboboyaa D/A Basic Sch","Other","Juaboso","Western North",4150
517,"Obengkrom CHPS","CHPS","Sefwi Akontombra","Western North",13591
232,"Goaso Municipal HSP","Hospital","Asunafo North","Ahafo",4353
1,"WFHGH4","WFH","Sefwi Wiawso","Western North",4453
696,"Dunkwa RCH Clinic","Health Center","Upper Denkyira East","Central",
451,"Dadieso DA Primary Sch","Other","Suaman","Western North",4329
472,"Karlo Adventist Preparatory Sch","Other","Suaman","Western North",4327
261,"Nipankyeremia CHPS","CHPS","Amansie South","Ashanti",2595
650,"Aboagyekrom D/A Primary Sch","Other","Bodi","Western North",2293
307,"Bodi DHD","Other","Bodi","Western North",1568
612,"Abrokofe DA Basic Sch","Other","Juaboso","Western North",4143
713,"Oseikojo CHPS","CHPS","Bia West","Western North",
633,"Manshia K D/A KG & Primary Sch","Other","Juaboso","Western North",1611
91,"Jomoro-Enchi CHPS","CHPS","Aowin","Western North",4233
149,"Jukwa Heman CHPS","CHPS","Wassa Amenfi East","Western",2072
200,"Yirase CHPS","CHPS","Wassa Amenfi West","Western",4383
277,"Amoakokrom CHPS","CHPS","Wassa Amenfi West","Western",1137
329,"Abenabena HC","Health Center","Wassa Amenfi East","Western",4317
134,"Asankragwa HC","Health Center","Wassa Amenfi West","Western",4381
218,"Abuoso CHPS","CHPS","Amansie South","Ashanti",1140
525,"Adjakaa Manso D/A","Other","Wassa Amenfi Central","Western",941
440,"Suibo DA Basic Sch","Other","Suaman","Western North",4332
361,"Asikuma(Wassa Amenfi East) CHPS","CHPS","Wassa Amenfi East","Western",4377
86,"Papueso CHPS","CHPS","Aowin","Western North",2859
318,"Asuontaa CHPS","CHPS","Bia West","Western North",4339
54,"Bethlehem CHPS","CHPS","Bibiani Anhwiaso Bekwai","Western North",1525
269,"Tieku CHPS","CHPS","Wassa Amenfi East","Western",4367
508,"Sui-Aboi CHPS","CHPS","Suaman","Western North",12596
626,"Yawbrefo D/A KG Primary School","Other","Juaboso","Western North",4333
324,"Abesewa Gyaman CHPS","CHPS","Wassa Amenfi East","Western",4311
663,"Kama D/A Pri Sch","Other","Bodi","Western North",4137
204,"New Achiase CHPS","CHPS","Atwima Mponua","Ashanti",3993
16,"Yawkrom CHPS","CHPS","Sefwi Akontombra","Western North",3255
698,"Zion Camp CHPS","CHPS","Upper Denkyira East","Central",
527,"Ampontenkrom D/A","Other","Wassa Amenfi Central","Western",941
52,"Bassengele CHPS","CHPS","Bibiani Anhwiaso Bekwai","Western North",1480
253,"Bayerebon HC","Health Center","Atwima Mponua","Ashanti",1490
535,"Nuamakrom D/A","Other","Wassa Amenfi Central","Western",998
143,"Bibiani District HSP","Hospital","Bibiani Anhwiaso Bekwai","‎Western North",1529
350,"Beposo CHPS","CHPS","Asunafo South","Ahafo",4001
645,"Ahibenso Anglican Primary Sch","Other","Bodi","Western North",1025
360,"Kwasuo CHPS","CHPS","Suaman","Western North",2297
403,"Breprow CHPS","CHPS","Wassa Amenfi East","Western",5473
176,"Limankrom CHPS","CHPS","Aowin","Western North",12363
156,"Abrabra CHPS","CHPS","Sefwi Wiawso","Western North",902
29,"Datano HC(Sefwi Wiawso)","Health Center","Sefwi Wiawso","Western North",1743
465,"Aduyaakrom DA Basic Sch","Other","Suaman","Western North",4332
236,"Betiako HC","Health Center","Ahafo Ano North","Ahafo",1526
531,"Ankaasie DA","Other","Wassa Amenfi Central","Western North",1190
540,"Agona Amenfi Methodist Sch","Other","Wassa Amenfi Central","Western ",998
170,"Wuratrem CHPS","CHPS","Wassa Amenfi Central","Western",3237
77,"Mintakrom CHPS","CHPS","Juaboso","Western North",4149
721,"Gyaman CHPS","CHPS","Upper Denkyira West","Central",
337,"Owusu Ansah CHPS","CHPS","Bia West","Western North",4343
625,"Debe Asesewa D/A Primary SCH","Hospital","Juaboso","Western North",1669
498,"Wassa Dunkwa Government HSP","Hospital","Wassa Amenfi West","Western",12497
349,"Kokooso CHPS","CHPS","Asunafo South","Ahafo",4000
554,"Torompan CHPS","CHPS","Wassa Amenfi West","Western",9369
602,"Santaase DA KG/Primary Sch","Other","Juaboso","Western North",1611
22,"Aboanidua CHPS","CHPS","Sefwi Wiawso","Western North",873
593,"Brekrom DA KG/Primary Sch","Other","Juaboso","Western North",2335
284,"Sienchem Rural CL","Health Center","Asutifi South","Ahafo",4320
357,"Datano CHPS(Amansie South)","CHPS","Amansie South","Ashanti",1744
507,"Kwafukaa CHPS","CHPS","Bodi","Western North",5645
239,"Ahyiresu CHPS","CHPS","Atwima Mponua","Ashanti",1038
441,"Kwasuo DA Basic Sch","Other","Suaman","Western North",2297
9,"Amoaya HC","Health Center","Bodi","Western North",1144
74,"Jato CHPS","CHPS","Juaboso","Western North",2042
439,"Acherensua HC","Health Center","Asutifi South","Ahafo",4321
159,"Ankaase CHPS","CHPS","Aowin","Western North",4103
260,"Episcopal HC","Health Center","Aowin","Western North",3978
385,"Sui-Ano CHPS","CHPS","Suaman","Western North",4324
152,"Afransie HC","Health Center","Wassa Amenfi East","Western",978
164,"Adwumamu CHPS","CHPS","Juaboso","Western North",964
567,"Adjakaa Manso CHPS","CHPS","Wassa Amenfi Central","Western",941
225,"Fawohoyeden HC","Health Center","Asunafo North","Ahafo",1890
285,"Akotosu CHPS","CHPS","Asutifi South","Ahafo",4319
21,"Adiembra CHPS","CHPS","Bibiani Anhwiaso Bekwai","Western North",3931
78,"Abrokofe CHPS","CHPS","Juaboso","Western North",4143
179,"Nyamennae CHPS","CHPS","Wassa Amenfi West","Western",2669
32,"Chorichori CHPS","CHPS","Sefwi Akontombra","Western North",1686
207,"Fordjourkrom CHPS","CHPS","Wassa Amenfi West","Western",4388
372,"Saa HC","Health Center","Wassa Amenfi East","Western",2907
695,"Denkyira Fosu CHPS","CHPS","Upper Denkyira East","Central",
610,"Proso DA KG/Primary Sch","Other","Juaboso","Western North",2140
27,"Anhwiam CHPS","CHPS","Sefwi Wiawso","Western North",3926
359,"Mantukwa CHPS","CHPS","Juaboso","Western North",4148
135,"Aboi Nkwanta  CHPS","CHPS","Wassa Amenfi West","Western",894
10,"SDA (Amoaya) CL","Health Center","Bodi","Western North",4134
69,"Mansokrom CHPS","CHPS","Juaboso","Western North",4147
226,"Twabidi HC","Health Center","Ahafo Ano North","Ashanti",4360
536,"Jedua Kesse D/A","Other","Wassa Amenfi Central","Western",2045
452,"Obengkrom DA Basic Sch","Other","Suaman","Western North",4330
653,"Amoaya Anglican Primary Sch","Other","Bodi","Western North",1144
220,"Bishop Anglionby Memorial CL","Health Center","Bodi","Western North",1549
326,"Wassa Dadieso CHPS","CHPS","Wassa Amenfi East","Western",1717
448,"Dadieso DA JHS","Other","Suaman","Western North",4329
503,"Kaase HC","Health Center","Bia East","Western North",12490
445,"Yaw Oparekrom DA Basic Sch","Other","Suaman","Western North",4332
688,"Essam HC","Health Center","Bia West","Western North",
693,"Asmah Camp CHPS","CHPS","Upper Denkyira East","Central",
297,"Dominase Nkwanta CHPS","CHPS","Wassa Amenfi Central","Western",4128
549,"Dwete D/A Sch","Other","Wassa Amenfi Central","Western",2992
436,"Meretweso CHPS","CHPS","Upper Denkyira East","Central",
138,"Asectech CHPS","CHPS","Wassa Amenfi West","Western",4382
114,"Bonuama PC","Health Center","Wassa Amenfi Central","Western",1620
65,"Pentecost CL","Health Center","Aowin","Western North",3985
342,"Asemnyinakrom CHPS","CHPS","Bia East","Western North",4347
656,"Oseikojokrom HC","Health Center","Bia West","Western North",
66,"Akontombra HSP","Hospital","Sefwi Akontombra","Western North",1057
107,"Kyeikrom CHPS","CHPS","Wassa Amenfi Central","Western",2305
373,"Grumisa CHPS","CHPS","Wassa Amenfi East","Western",1971
109,"Bongoso CHPS","CHPS","Aowin","Western North",5472
89,"Kramokrom CHPS (Sefwi Akontombra)","CHPS","Sefwi Akontombra","Western North",2210
542,"Kwameprakrom CHPS","CHPS","Upper Denkyira East","Central",4287
122,"Agona Amenfi HC","Health Center","Wassa Amenfi Central","Western",998
306,"Aowin DHD","Other","Aowin","Western North",2009
222,"Asuohyiam CHPS","CHPS","Wassa Amenfi West","Western",1373
616,"Gyatokrom SDA KG/Primary Sch","Other","Juaboso","Western North",2042
177,"Datano (Bodi) CHPS","CHPS","Bodi","Western North",1742
262,"Aboduam CHPS","CHPS","Sefwi Wiawso","Western North",883
20,"St. Marks Anglican HC","Health Center","Bibiani Anhwiaso Bekwai","Western North",3019
704,"Florence (bia) Maternity Home","Other","Bia West","Western North",
566,"Daboase CHPS","CHPS","Wassa Amenfi Central","Western",941
512,"Kwasi Nkrumah CHPS","CHPS","Bia West","Western North",12531
49,"Lineso CHPS","CHPS","Bibiani Anhwiaso Bekwai","Western North",2318
660,"Krayawkrom D/A Pri Sch","Other","Bodi","Western North",970
516,"Akwaboso CHPS","CHPS","Upper Denkyira West","Central",1089
354,"Adimposo CHPS","CHPS","Amansie South","Ashanti",940
92,"Akontombra Nkwanta HC","Health Center","Aowin","Western North",1058
341,"Fosukrom CHPS","CHPS","Bia East","Western North",4350
493,"Oponso HC","Health Center","Upper Denkyira East","Central",12348
471,"Kwabenakrom  D/A Basic SCH","Hospital","Suaman","Western North",4326
434,"Arhinful CHPS","CHPS","Bia East","Western North",5625
25,"Ahokwa CHPS","CHPS","Sefwi Wiawso","Western North",1029
279,"Simpa CHPS","CHPS","Wassa Amenfi West","Western",2982
136,"Amuaku CHPS","CHPS","Wassa Amenfi West","Western",4390
347,"Wurumuso CHPS","CHPS","Asutifi South","Ahafo",4322
561,"Mmofranfadwen CHPS","CHPS","Wassa Amenfi West","Western",9366
699,"Dorcas CHPS","CHPS","Wassa Amenfi West","Western",
394,"St. Martins HSP","Hospital","Amansie South","Ashanti",5141
229,"Nipahiamoa CHPS","CHPS","Suaman","Western North",4325
291,"Gyereso HC","Health Center","Atwima Mponua","Ashanti",1991
104,"Yiwabra HC","Health Center","Aowin","Western North",3266
147,"Asesensu CHPS","CHPS","Wassa Amenfi East","Western",4308
305,"Juaboso DHD","Other","Juaboso","Western North",2061
94,"Ntakam CHPS","CHPS","Bibiani Anhwiaso Bekwai","Western North",3934
35,"Bronikrom CHPS","CHPS","Sefwi Akontombra","Western North",4142
449,"Suaman DEO","Other","Suaman","Western North",4329
130,"Wassa Dunkwa CHPS","CHPS","Wassa Amenfi West","Western",3194
142,"Asankragwa SHS CHPS","CHPS","Wassa Amenfi West","Western",1297
193,"Manso-Nkwanta PC","Health Center","Amansie West","Ashanti",2372
629,"290 DA KG/Primary Sch","Other","Juaboso","Western North",2099
646,"Awudome DA Basic","Other","Bodi","Western North",4135
198,"New Somanya CHPS (Juaboso)","CHPS","Juaboso","Western North",4150
233,"Subriso HC","Health Center","Ahafo Ano North","Ashanti",4361
569,"Sureso CHPS","CHPS","Wassa Amenfi Central","Western",
344,"Durowaakrom CHPS","CHPS","Asunafo South","Ahafo",4002
98,"Old Yakasi CHPS","CHPS","Aowin","Western North",3983
477,"Odumtankwa CHPS","CHPS","Bodi","Western North",5646
116,"Anyinabrim CHPS","CHPS","Wassa Amenfi Central","Western",1220
423,"Subin HC","Health Center","Upper Denkyira West","Central",3045
577,"Nkatieso D/A KG/Primary B","Other","Juaboso","Western North",4151
501,"Aprukusu CHPS","CHPS","Suaman","Western North",12595
621,"Agogyikrom DA KG/Primary Sch","Other","Juaboso","Western North",1669
447,"Dadieso Methodist JHS","Other","Suaman","Western North",4329
453,"Dadieso Islamic Basic Sch","Other","Suaman","Western North",4330
254,"Asoredanho CHPS","CHPS","Juaboso","Western North",4145
289,"Pantoso CHPS","CHPS","Wassa Amenfi West","Western",2811
273,"Aggresso CHPS","CHPS","Wassa Amenfi West","Western",4393
6,"Juaboso Government HSP","Hospital","Juaboso","Western North",2061
623,"Benchema Barrier DA KG/Primary Sch","Other","Juaboso","Western North",4151
604,"Nyamebekyere DA KG/Primary Sch","Other","Juaboso","Western North",1669
401,"Zipline","Other","Sefwi Wiawso","Western North",921
352,"Tontokrom HC","Health Center","Amansie South","Ashanti",3136
482,"Compound CHPS","CHPS","Upper Denkyira East","Central",13575
95,"Patakro CHPS","CHPS","Bodi","Western North",4139
332,"Wassa Bekwai CHPS","CHPS","Wassa Amenfi Central","Western",4131
186,"Futa CHPS","CHPS","Sefwi Wiawso","Western North",1926
474,"Torya B DA Primary Sch","Other","Suaman","Western North",4333
563,"Akontombra RCH Annex","CHPS","Sefwi Akontombra","Western North",20306
497,"Fobinso CHPS","CHPS","Upper Denkyira West","Central",4294
287,"Dadiesoaba HC","Health Center","Asutifi South","Ahafo",1720
327,"New Somanya CHPS(Amenfi East)","CHPS","Wassa Amenfi East","Western",4313
707,"Kofi-Kra CHPS","CHPS","Bia West","Western North",
533,"Kyenkyen Nkwanta D/A Sch","Other","Wassa Amenfi Central","Western",
201,"Antokrom CHPS","CHPS","Suaman","Western North",4328
125,"Acquai Allah HC","Health Center","Aowin","Western North",1274
323,"Nsuaem II CHPS","CHPS","Wassa Amenfi East","Western",4314
70,"Antobia CHPS","CHPS","Juaboso","Western North",4144
112,"Sraha-Ayiem CHPSM","CHPS","Wassa Amenfi Central","Western",4130
145,"Asuogya Krobo CHPS","CHPS","Wassa Amenfi East","Western",1371
399,"Dikoto Junction CHPS","CHPS","Wassa Amenfi East","Western",4374
379,"Japa CHPS","CHPS","Wassa Amenfi East","Western",2036
422,"Treposo CHPS","CHPS","Upper Denkyira West","Central",3148
180,"Ntrentrenso HC","Health Center","Sefwi Wiawso","Western North",2643
292,"Sreso Tinpom HC","Health Center","Atwima Mponua","Ashanti",3002
541,"Agona Amenfi Methodist","Other","Wassa Amenfi Central","Western",998
682,"Epom Kokofu CHPS","CHPS","Wassa Amenfi East","",2907
515,"Nkakaa CHPS","CHPS","Wassa Amenfi Central","Western",12291
257,"Eteso CHPS","CHPS","Juaboso","Western North",1878
500,"Bowobra Appentemadi CHPS","CHPS","Sefwi Wiawso","Western North",13576
286,"Apotoyowa CHPS","CHPS","Asutifi South","Ahafo",1256
417,"Pentecost Health HSP","Hospital","Upper Denkyira West","Central",4292
597,"Africa Gyapong DA KG/Primary Sch","Other","Juaboso","Western North",981
543,"Asuminam D/A Sch.","Other","Wassa Amenfi Central","Western",998
594,"Domi DA KG/Primary Sch","Other","Juaboso","Western North",4005
346,"Watreso CHPS","CHPS","Amansie South","Ashanti",3197
188,"Dadieso Government HSP","Hospital","Suaman","Western North",4329
355,"Manso Nkran CHPS","CHPS","Amansie South","Ashanti",2370
421,"Asuadei CHPS","CHPS","Upper Denkyira West","Central",4300
272,"Pewuako CHPS","CHPS","Wassa Amenfi East","Western",2843
191,"Nyinahin HSP","Hospital","Atwima Mponua","Ashanti",4125
435,"Camp Junction CHPS","CHPS","Bia East","Western North",4731
101,"Nyanney Camp CHPS","CHPS","Aowin","Western North",4157
258,"Adjoum CHPS","CHPS","Aowin","Western North",3995
168,"Camp 4 CHPS","CHPS","Aowin","Western North",4105
675,"Cocoa Clinic (Bia West)","Health Center","Bia West","Western North",5475
647,"Kanchiabo D/A Primary","Other","Bodi","Western North",4138
679,"JEDUA KESE METH KG/PRIMARY","Other","Wassa Amenfi Central","Western North",2045
103,"Afere CHPS","CHPS","Bodi","Western North",970
578,"Boinzan Anglican KG/ Primary","Other","Juaboso","Western North",1572
158,"Asawinso SDA HSP","Hospital","Sefwi Wiawso","Western North",
661,"Dench R/C Pri Sch","Other","Bodi","Western North",1758
34,"Bopa CHPS","CHPS","Sefwi Akontombra","Western North",1622
240,"Abekoase CHPS","CHPS","Wassa Amenfi West","Western",855
157,"Asantekrom (Aowin) CHPS","CHPS","Aowin","Western North",4407
304,"Suaman DHD","Other","Suaman","Western North",4329
426,"Dominase SDA CL","Health Center","Upper Denkyira West","Central",4305
609,"Kwawkrom DA KG/Primary Sch","Other","Juaboso","Western North",2413
241,"Nyamegyeso CHPS","CHPS","Sefwi Wiawso","Western North",2668
712,"Nsowakrom CHPS","CHPS","Bia West","Western North",
478,"Esaase CHPS","CHPS","Upper Denkyira East","Central",12331
636,"Seniagyakrom D/A KG /Primary","Other","Juaboso","Western North",1521
391,"Kordjour CHPS","CHPS","Aowin","Western North",4106
124,"Merewa CHPS","CHPS","Bibiani Anhwiaso Bekwai","‎Western North",2426
371,"Bethany Memorial CL","Health Center","Wassa Amenfi East","Western",4369
520,"Daboase D/A Sch","Other","Wassa Amenfi Central","Western",941
392,"Holy Spirit CL","Health Center","Asunafo South","Ahafo",4003
480,"Buabinso CHPS","CHPS","Upper Denkyira East","Central",12333
364,"Appiah Nkwanta CHPS","CHPS","Wassa Amenfi East","Western",1258
728,"Mfanteman CHPS","CHPS","Bia West","Western North",
256,"Africa CHPS","CHPS","Juaboso","Western North",981
544,"Gyaukrom D/A Sch","Other","Wassa Amenfi Central","Western",941
206,"Denchemuosue CHPS","CHPS","Bodi","Western North",1758
3,"Wiawso Government HSP","Hospital","Sefwi Wiawso","Western North",3219
79,"Puakrom CHPS","CHPS","Bodi","Western North",4140
627,"Metemano D/A KG /Primary","Other","Juaboso","Western North",13574
144,"Motosso CHPS","CHPS","Aowin","Western North",3979
317,"Mempeasem HC(Bia West)","Health Center","Bia West","Western North",4344
310,"Amansie South DHD","Other","Amansie South","Ashanti",4413
725,"St. Joseph Maternity Home","Other","Bia West","",
353,"Ankam CHPS","CHPS","Amansie South","Ashanti",1188
169,"Amanshia CHPS","CHPS","Aowin","Western North",1120
81,"Benumsuo CHPS","CHPS","Bodi","Western North",4135
511,"Atuakrom CHPS","CHPS","Bia East","Western North",9170
60,"Aboduabo (Anhwiaso Bekwai) CHPS","CHPS","Bibiani Anhwiaso Bekwai","Western North",882
398,"Wassa Nsuaem CHPS","CHPS","Wassa Amenfi East","Western",3195
491,"Kyekyewere HC","Health Center","Upper Denkyira East","Central",12345
375,"Abotareye CHPS","CHPS","Wassa Amenfi East","Western",4378
351,"Nkatieso SDA CL","Health Center","Juaboso","Western North",4151
216,"Karlo HC","Health Center","Suaman","Western North",4327
402,"Nkonya CHPS (Sefwi Wiawso)","CHPS","Sefwi Wiawso","Western North",2557
339,"Achiase CHPS  (Bia East)","CHPS","Bia East","Western North",4346
389,"Aboaboso CHPS","CHPS","Amansie South","Ashanti",870
618,"Fantraline D/A Basic School","Other","Juaboso","Western North",4145
250,"Oppongkrom CHPS","CHPS","Asunafo South","Ahafo",4133
674,"KWAW NKANSAH SCH","Hospital","Bodi","Western North",2293
697,"Tegyamoso CHPS","CHPS","Upper Denkyira East","Central",
487,"Imbraim CHPS","CHPS","Upper Denkyira East","Central",12341
689,"Ankatamatin D/A Basic","Other","Wassa Amenfi Central","Western",
702,"Adiepena No.1 CHPS","CHPS","Bia West","Western North",
718,"Angela_Memorial_Catholic_Clinic","Other","Bia West","Western North",
369,"Kamebe Health Care CL","Health Center","Wassa Amenfi East","Western",4355
365,"Marfo CHPS","CHPS","Wassa Amenfi East","Western",2385
412,"Kofihwikrom CHPS","CHPS","Amansie Central","Ashanti",4652
316,"Akaatiso CHPS","CHPS","Bia West","Western North",4335
555,"Mmrakrom CHPS","CHPS","Wassa Amenfi West","Western",9368
137,"Kokoase CHPS","CHPS","Wassa Amenfi West","Western",2149
706,"Kakenabo_CHPS","Other","Bia West","Western North",
518,"Greenshield HSP","Hospital","Sefwi Wiawso","Western North",3219
410,"St. Thomas HC","Health Center","Amansie Central","Ashanti",3041
88,"Achimfo HC","Health Center","Aowin","Western North",921
11,"Aburonahia CHPS","CHPS","Sefwi Akontombra","Western North",916
680,"Bredi-Nyinahin D/A KG/ Primary","Other","Wassa Amenfi Central","Western North",4126
175,"Bepoase CHPS","CHPS","Bodi","Western North",4136
418,"Denkyira Obuasi CHPS","CHPS","Upper Denkyira West","Central",4296
300,"Punikrom S.D.A HC","Health Center","Sefwi Wiawso","Western North",2884
676,"WURATREM D/A BASIC","Other","Wassa Amenfi Central","Western",3237
82,"Adonikrom CHPS","CHPS","Aowin","Western North",3997
110,"Bodi CHPS","CHPS","Bodi","Western North",1568
263,"Bisaaso HC","Health Center","Wassa Amenfi West","Western",1548
219,"St. Peters HC","Health Center","Atwima Mponua","Ashanti",3040
614,"Debe Oseikrom DA KG/Primary B","Other","Juaboso","Western North",1611
462,"Torya Adiepena DA Basic Sch","Other","Suaman","Western North",4329
56,"Asawinso A CHPS","CHPS","Bibiani Anhwiaso Bekwai","Western North",1514
40,"Kofikrom CHPS","CHPS","Sefwi Akontombra","Western North",4415
276,"Berekum CHPS","CHPS","Wassa Amenfi West","Western",4394
4,"Chirano HC","Health Center","Bibiani Anhwiaso Bekwai","Western North",1685
552,"Kwaku Boah CHPS","CHPS","Wassa Amenfi Central","Western",12292
382,"Suhyensu CHPS","CHPS","Wassa Amenfi East","Western",4371
506,"Kwasi Addaekrom CHPS","CHPS","Juaboso","Western North",13573
454,"Dadieso S.D.A Basic Sch 'B'","Other","Suaman","Western North",4330
562,"Besease CHPS(Bodi)","CHPS","Bodi","Western North",1144
141,"Yamfo CHPS","CHPS","Sefwi Akontombra","Western North",3245
459,"Karlo DA JHS","Other","Suaman","Western North",4327
293,"Anansu CHPS","CHPS","Atwima Mponua","Ashanti",1169
586,"Mantukwa D/A KG/Primary Sch","Other","Juaboso","Western North",2140
667,"Samansuo D/A Pri Sch","Other","Bodi","Western North",4135
730,"Pillar 34 CHPS","CHPS","Bia West","Western North",
483,"Zongo CHPS","CHPS","Upper Denkyira East","Central",12335
24,"Akurafu CHPS","CHPS","Sefwi Wiawso","Western North",1083
388,"Topman CHPS","CHPS","Juaboso","Western North",4145
456,"Dadieso Islamic Sch Of Languages","Other","Suaman","Western North",4330
669,"Bokabo D/A Primary","Other","Bodi","Western North",1574
83,"Boinso HC","Health Center","Aowin","Western North",1571
560,"Manso Nkwanta N0. 2 D/A Sch","Other","Wassa Amenfi Central","Western",941
545,"Kwasikrukrom D/A Sch","Other","Wassa Amenfi Central","Western",2992
242,"SDA (Dadieso) CL","Health Center","Suaman","Western North",4330
252,"Divine Love HSP","Hospital","Bibiani Anhwiaso Bekwai","Western North",1529
662,"Kwafukaa D/A Pri Sch","Other","Bodi","Western North",5645
282,"Obeng CHPS","CHPS","Wassa Amenfi Central","Western",13593
714,"Presby (bia) Clinic","Health Center","Bia West","Western North",
244,"Akrodie HC","Health Center","Asunafo North","Ahafo",4004
393,"Tumuda CHPS","CHPS","Sefwi Akontombra","Western North",3156
14,"Anyinabrim HC","Health Center","Sefwi Wiawso","Western North",1221
8,"Bonsu-Nkwanta HC","Health Center","Juaboso","Western North",1611
223,"Sika-Nti CHPS","CHPS","Wassa Amenfi West","Western",3007
424,"Bethlehem (U. D. West) CHPS","CHPS","Upper Denkyira West","Central",4301
701,"St Theresa (Wassa Amenfi West) Clinic","Health Center","Wassa Amenfi West","Western",
700,"Ohiampeanika CHPS","CHPS","Wassa Amenfi West","Western",
383,"Mansiso CHPS","CHPS","Wassa Amenfi East","Western",4372
76,"Caiphas CHPS","CHPS","Juaboso","Western North",1669
44,"Manukrom CHPS","CHPS","Sefwi Akontombra","Western North",2377
504,"Massakrom CHPS","CHPS","Bia East","Western North",4731
433,"Camp 15 CHPS","CHPS","Bia East","Western North",1671
61,"Ampenkrom CHPS","CHPS","Bibiani Anhwiaso Bekwai","Western North",1152
13,"Bawakrom CHPS","CHPS","Sefwi Akontombra","Western North",1482
162,"Kwawkrom CHPS","CHPS","Juaboso","Western North",2413
632,"Yawgyimkrom D/A KG Sch","Other","Juaboso","Western North",4150
99,"Appiahkrom (Aowin) CHPS","CHPS","Aowin","Western North",4113
589,"Breman DA KG/Primary Sch","Other","Juaboso","Western North",1521
111,"Adjeikrom CHPS","CHPS","Aowin","Western North",942
376,"Dawurampong CHPS","CHPS","Wassa Amenfi East","Western",1750
643,"Darkwakrom KG Primary Sch","Other","Juaboso","Western North",4146
397,"JJ Nkwanta(Juaboso) CHPS","CHPS","Juaboso","Western North",2054
557,"Domeabra (Wassa Amenfi West) CHPS","CHPS","Wassa Amenfi West","Western",9364
705,"Jericho CHPS","CHPS","Bia West","Western North",
722,"Nkwanta No.2 CHPS","CHPS","Wassa Amenfi Central","Western",
245,"Noberkaw CHPS","CHPS","Asunafo South","Ahafo",2597
505,"Essieso CHPS","CHPS","Sefwi Akontombra","Western North",13562
475,"Torya A D/A Basic Sch","Other","Suaman","Western North",4333
140,"Bena-Fie CHPS","CHPS","Wassa Amenfi West","Western",4395
33,"Nsawora HC","Health Center","Sefwi Akontombra","Western North",2611
595,"Aboso DA KG/Primary Sch","Other","Juaboso","Western North",2054
615,"Komiama D/A KG/Primary Sch","Other","Juaboso","Western North",2335
575,"Elluibo D/A Sch","Other","Juaboso","Western North",13574
209,"Agyemandiem CHPS","CHPS","Juaboso","Western North",4005
553,"Kokodei D/A Sch","Other","Wassa Amenfi Central","Western",1608
687,"Sika Nti D/A KG Primary","Other",,"",
374,"El-Shiva CL","Health Center","Wassa Amenfi East","Western",4379
154,"Area Seven CHPS","CHPS","Wassa Amenfi Central","Western",1275
185,"Nkronua CHPS (Bibiani Anwiaso Bekwai)","CHPS","Bibiani Anhwiaso Bekwai","‎Western North",4155
720,"Mim PC","Health Center","Ahafo Ano North","Ahafo",
534,"Nyame Dome D/A","Other","Wassa Amenfi Central","Western",998
380,"Gyedua CHPS","CHPS","Wassa Amenfi East","Western",1988
677,"Pentecost CL - Yawmatwa","Health Center","Bia West","Western North",5475
96,"Jema HC","Health Center","Aowin","Western North",5476
320,"Methodist Medical Centre (Bia West)","Other","Bia West","Western North",4338
526,"Bungalow D/A","Other","Wassa Amenfi Central","Western",941
438,"Bibianiha (Wassa Amenfi East) CHPS","CHPS","Wassa Amenfi East","Western",4316
427,"Besease CHPS","CHPS","Upper Denkyira West","Central",4297
546,"Pokukrom HC","Health Center","Upper Denkyira East","Central",2856
303,"Bia East DHD","Other","Bia East","Western North",4347
724,"Krayawkrom CHPS","CHPS","Bodi","Western North",
68,"Bokabo CHPS","CHPS","Bodi","Western North",1574
195,"Nyamebekyere CHPS","CHPS","Wassa Amenfi West","Western",4111
338,"Amadu Nkwanta CHPS","CHPS","Bia East","Western North",4348
363,"Moseaso (W.A. East) CHPS","CHPS","Wassa Amenfi East","Western",2433
556,"Ayensu CHPS","CHPS","Wassa Amenfi West","Western",9363
573,"Bonsie D/A Sch","Other","Wassa Amenfi Central","Western",1608
80,"Nyameasa CHPS","CHPS","Aowin","Western North",3982
126,"Anhwiaso HC","Health Center","Bibiani Anhwiaso Bekwai","Western North",1177
36,"Akpafu CHPS","CHPS","Sefwi Akontombra","Western North",4141
113,"Akyekyere CHPS","CHPS","Wassa Amenfi Central","Western",1095
634,"Nkra D/A KG &Primary School","Other","Juaboso","Western North",1521
630,"Obeng Mim DA KG/Primary Sch","Other","Juaboso","Western North",4005
624,"Anweafutu DA KG/Primary Sch","Other","Juaboso","Western North",4146
601,"Mansokrom D/A Pri. Sch","Other","Juaboso","Western North",4147
443,"Nana Asradu Basic Sch","Other","Suaman","Western North",4334
587,"Dominebo DA KG/Primary Sch","Other","Juaboso","Western North",1521
43,"Kojokrom CHPS","CHPS","Sefwi Akontombra","Western North",2147
617,"Gyampo D/A KG/Primary","Other","Juaboso","Western North",4146
120,"Adjakaa Manso HC","Health Center","Wassa Amenfi Central","Western",941
37,"Bokaso CHPS","CHPS","Sefwi Akontombra","Western North",1577
275,"Kamaso CHPS","CHPS","Wassa Amenfi West","Western",2090
559,"Prestea Nkwanta CHPS","CHPS","Wassa Amenfi West","Western",9367
148,"Wassa Beposo CHPS","CHPS","Wassa Amenfi East","Western",4375
547,"Mabaan CL","Health Center","Ahafo Ano North","Ahafo",3602
211,"Kanchiabo CHPS","CHPS","Bodi","Western North",4138
605,"New Berekum DA KG/Primary Sch","Other","Juaboso","Western North",1611
692,"Amoafo CHPS","CHPS","Upper Denkyira East","Central",
197,"Bokakore CHPS","CHPS","Wassa Amenfi West","Western",1575
395,"Asumura HC","Health Center","Asunafo North","Ahafo",4351
717,"Yawmwatwa Nkwanta CHPS","CHPS","Bia West","Western North",
121,"Agona Camp CHPS","CHPS","Wassa Amenfi Central","Western",4126
470,"Dadieso Methodist Primary","Other","Suaman","Western North",4329
703,"Brebre Clinic","Health Center","Bia West","Western North",
264,"Kabre CHPS","CHPS","Wassa Amenfi West","Western",4392
678,"Manso Nkwanta No 1 DA/KG/Primary SCH","Hospital","Wassa Amenfi Central","Western ",941
490,"Praprababida CHPS","CHPS","Upper Denkyira East","Central",12344
26,"Amafie CHPS","CHPS","Sefwi Wiawso","Western North",1105
75,"Boinzan CHPS","CHPS","Juaboso","Western North",1573
90,"Debiso CHPS","CHPS","Bibiani Anhwiaso Bekwai","Western North",3933
246,"Manso-Adubia HC","Health Center","Amansie South","Ashanti",4413
485,"Abudukrom CHPS","CHPS","Upper Denkyira East","Central",12339
12,"St. John Of God HSP","Hospital","Sefwi Wiawso","Western North",3012
85,"Amonie Presby HC","Health Center","Aowin","Western North",1147
315,"Tettekwao CHPS","CHPS","Asunafo South","Ahafo",3111
384,"Adom CL","Health Center","Wassa Amenfi East","Western",4373
672,"Kwasiadukrom D/A Pri Sch","Other","Bodi","",2293
106,"Sompre CHPS","CHPS","Wassa Amenfi Central","Western",2992
118,"Anakum HC","Health Center","Wassa Amenfi Central","Western",1166
691,"Agyempoma CHPS","CHPS","Upper Denkyira East","Central",
296,"Chine CHPS","CHPS","Bibiani Anhwiaso Bekwai","Western North",3932
367,"Holy Angels CL","Health Center","Wassa Amenfi East","Western",4368
217,"Appiahkrom (Wassa Amenfi West) CHPS","CHPS","Wassa Amenfi West","Western",1259
123,"Bonsie CHPS","CHPS","Wassa Amenfi Central","Western",1608
431,"Anhwiawia CHPS","CHPS","Upper Denkyira West","Central",1178
294,"Debra Camp CHPS","CHPS","Atwima Mponua","Ashanti",1754
221,"Nagoole HC","Health Center","Atwima Mponua","Ashanti",2474
510,"Oppon Valley HC","Health Center","Wassa Amenfi East","Western",5478
386,"Yesukrom CHPS","CHPS","Bia West","Western North",4341
213,"Akoskrom CHPS","CHPS","Suaman","Western North",4333
102,"Suiano HC","Health Center","Bodi","Western North",3056
637,"Ahidam DA KG/Primary Sch","Other","Juaboso","Western North",1669
312,"Cocoa CL (1000 Acres CHPS)","Health Center","Asunafo South","Ahafo",1696
299,"Kofiekrom CHPS","CHPS","Wassa Amenfi Central","Western",4129
271,"Saamang CHPS","CHPS","Wassa Amenfi East","Western",2914
368,"Adesu CHPS","CHPS","Wassa Amenfi East","Western",936
295,"Anglican HC","Health Center","Atwima Mponua","Ashanti",3990
481,"Nkwanta (U. D. East) CHPS","CHPS","Upper Denkyira East","Central",12334
335,"Hiawa CHPS","CHPS","Wassa Amenfi Central","Western",2000
163,"Mafia HC","Health Center","Juaboso","Western North",2335
64,"Kunkumso CHPS","CHPS","Bibiani Anhwiaso Bekwai","Western North",2352
494,"Dunkwa Municipal HSP","Hospital","Upper Denkyira East","Central",12338
238,"Asempaneye (Juaboso) CHPS","CHPS","Juaboso","Western North",1521
146,"Aserewadi CHPS","CHPS","Wassa Amenfi East","Western",1319
84,"Omanpe CHPS","CHPS","Aowin","Western North",3984
212,"New Gyasikrom CHPS","CHPS","Aowin","Western North",4108
50,"Sefwi Wenchi CHPS","CHPS","Bibiani Anhwiaso Bekwai","Western North",3199
413,"Darmang CHPS","CHPS","Wassa Amenfi East","Western",5480
690,"Amoashed CHPS","CHPS","Bia West","Western North",
734,"Sefwi Wiawso DHD","Other",,"",
309,"Osbert HC","Health Center","Bia West","Western North",4340
396,"Aworabo CHPS","CHPS","Wassa Amenfi West","Western",4109
708,"Kofiekrom Aduana Clinic","Health Center","Bia West","Western North",
603,"Hwemehaa DA KG/Primary Sch","Other","Juaboso","Western North",1611
199,"Sui CHPS","CHPS","Sefwi Wiawso","Western North",3054
442,"Kwame-Antokrom  DA Basic Sch","Other","Suaman","Western North",4328
564,"Huu CHPS","CHPS","Amansie Central","Ashanti",2414
568,"Adidaase CHPS","CHPS","Wassa Amenfi Central","Western",1682
538,"Bredi Nyinahin D/A Sch","Other","Wassa Amenfi Central","Western",4126
711,"Mossikrom","Other","Bia West","Western North",
635,"Nkra D/A school","Other","Juaboso","Western North",1521
411,"Numereso HC","Health Center","Amansie Central","Ashanti",2652
108,"New Yakasi CHPS","CHPS","Aowin","Western North",3980
187,"Presbyterian (Enchi) HC","Health Center","Aowin","Western North",3986
63,"Humjibre CHPS","CHPS","Bibiani Anhwiaso Bekwai","Western North",2011
39,"Ackaakrom CHPS","CHPS","Sefwi Akontombra","Western North",924
189,"Sefwi Domeabra CHPS","CHPS","Sefwi Wiawso","Western North",4123
468,"Asuopokua DA Primary Sch","Other","Suaman","Western North",4329
651,"Attaboka Anglican Primary Sch","Other","Bodi","Western North",1758
72,"Sayerano CHPS","CHPS","Juaboso","Western North",4153
202,"Kwabeng CHPS","CHPS","Wassa Amenfi West","Western",2369
437,"Achiase (U. D. East) CHPS","CHPS","Upper Denkyira East","Central",4291
